Nombre,Marca
0%Azúcares añadidos,Hacendado
8402000936960,Hacendado
AOVE,Hacendado
Aceite de oliva,Hacendado
Aceite de oliva virgen extra,Hacendado
Aceite refinado de girasol,Hacendado
Aceitunas con hueso aliñadas estilo caseras,Hacendado
Aceitunas gazpacha,Hacendado
Aceitunas sin hueso aliñadas,Hacendado
Aceitunas verdes con hueso,Hacendado
Aceitunas verdes rellenas de anchoa,Hacendado
Acelga hoja en porciones,Hacendado
Acelgas hojas en porciones,Hacendado
Allioli,hacendado
Almejones al natural,Hacendado
Arroz redondo,Hacendado
Avena crunchy,Hacendado
Azúcar glas,Hacendado
Azúcar moreno,Hacendado
Azúcar moreno de caña - Hacendado,
Barrita peot hacendado - hacendado,
Batido proteínas Whey Hacendado,Hacendado
Bebida Láctea Uht Con Fibra,Hacendado
Bebida de Avena,Hacendado
Bifidus con frutas,Hacendado
Boca fruit,Hacendado
Bollitos,Hacendado
Brocheta halloween,Hacendado
Burgos sin lactosa,Hacendado
Cacahuate tostado,Hacendado
Cafe Classic,Hacendado
Café molido Natural,Hacendado
Café molido natural,Hacendado
Café molido natural sabor fuerte,Hacendado
Caldo de verduras,Hacendado
Camaiot,hacendado
Caramelo & Jgengibre,Hacendado
Castañas cocidas y peladas,Hacendado
Chocodays,hacendado
Chuletas de Sajonia,Hacendado
Ciclamato y sacarina,Hacendado
Classic,Hacendado
Cola zero azúcar,Hacendado
Coles de Bruselas,Hacendado
Colombia,Hacendado
Comino,Hacendado
Copos de trigo integral y arroz 0%,Hacendado
Corazones de alcachofa congelados &quot;Hacendado&quot;,Hacendado
Corn Toasts,Hacendado
Crecimiento a partir de 1 año,Hacendado
Crema de marisco,Hacendado
Curado cuñitas,Hacendado
Datterino,Hacendado
Descafeinado,Hacendado
Digest. Infusión De Plantas Aromatizada.,Hacendado
Dormir,Hacendado
Dulce de membrillo,Hacendado
Dátiles sin hueso,Hacendado
Edulcorante de mesa a base de ciclamato y sacarina,hacendado
Emmental Gratinar,hacendado
Ensalada,hacendado
Ensalada 4 estaciones,Hacendado
Ensalada César,hacendado
Ensaladilla congelada,Hacendado
Especias para caracoles,Hacendado
Espresso crema,Hacendado
Esses,hacendado
Fermento em Pó,Hacendado
Filete de trucha,Hacendado
Fricandó - Hacendado - Hacendado,
Fruta & fibra,Hacendado
Fusión animadas - Hacendado,
Gajo Rústica,Hacendado
Garbanzada,Hacendado
Garrofón,Hacendado
Gaseosa 0% azúcares,Hacendado
Gazpacho,Hacendado
Gazpacho suave,Hacendado
Gelatina,Hacendado
Gorgonzola,Hacendado
Griego natural con azúcar de caña,Hacendado
Guacamole hacendado,Montosa
HACENDADO,
Habas,Hacendado
Hacendado,Arzua ulloa
Hacendado,Chuletas Sajonia
Harina de Fuerza,Hacendado
Harina de maiz precocida,Hacendado
Higos secos,Hacendado
Hipnotic mini,Hacendado
Hogaza con cereales 20%,hacendado
Hogaza sin Gluten,hacendado
Horchata Fresca,Hacendado
Horchata de chufa,Hacendado
Hummus con olivas de kalamata,Hacendado
Integral,Hacendado
L casei,Hacendado
L.casei,Hacendado
L.casei natural azucarado,Hacendado
Lasagna boloesa hacendado,Hacendados
Longaniza Hacendado,
Longaniza de Payés,Hacendado
Manzanilla con anís,Hacendado
Maria Integral,Hacendado
Mariscos,Hacendado
Mato,Hacendado
Maíz Dulce,Hacendado
Menta poleo,Hacendado
Mezcla de semillas,Hacendado
Miel de Montaña,Hacendado
Miel de Romero,Hacendado
Miel de eucalipto,Hacendado
Miel de flores cremosa,Hacendado
Miel mil flores,Hacendado
Mini ice cream cone w/o sugar,Hacendado
Mini york,Hacendado
Morcilla orada,Hacendado
Natillas caseras,Hacendado
Orejones de albaricoque,Hacendado
Ositos,Hacendado
Pan burger integral,Hacendado
Pan de Fibra y Sésamo,Hacendado
Pan de espelta integral,hacendado
Pan de molde blanco sin corteza,Hacendado
Pan de molde de espelta 100% integral,Hacendado
Pan de molde semillas & pipas,Hacendado
Pan de molde semillas y pipas de calabaza,Hacendado
Pan espelta - Hacendado,
Pan para dipear y untar,Hacendado
Pan sin corteza multicereal,Hacendado
Pan tostado cereales y semillas,Hacendado
Pan tostado integral,Hacendado
Papa cocida,Hacendado
Pebrella,Hacendado
Pepinillos Vinagre,Hacendado
Perejil troceado congelado,Hacendado
Pico reventao con aceite de oliva virgen extra 4%,Hacendado
Picos,Hacendado
Picos camperos de jerez,Hacendado
Picos integrales,Hacendado
Pimentón de la Vera dulce,Hacendado
Pisto con aceite de oliva,Hacendado
Polen,Hacendado
Quinoa blanca y roja,Hacendado
Reducción de vinagre de pedro ximenez,Hacendado
Regaliz & Mentol,Hacendado
Remolacha en tiras,Hacendado
Remolacha rodajas,Hacendado
Respir,Hacendado
Rosquilletas tradicionales,Hacendado
Rovellones en conserva,Hacendado
Sacarina Hacendado,Hacendado
Sal Iodado Grosso Marinho,Hacendado
Sal extrafina de mesa,Hacendado
Sal marina con hierbas,Hacendado
Salpicón,Hacendado
Se,Hacendado
Semi skimmed milk,Hacendado
Semicurado,Hacendado
Sen sabor menta,Hacendado
Sirope Agave,Hacendado
Sirope de Agave,hacendado
Sobaos,Hacendado
Sopa Maravilla,Hacendado
Surtido Berlinas,Hacendado
Surtido halloween,Hacendado
Tarta de la abuela,Hacendado
Te matcha,Hacendado
Te verde,Hacendado
Torreznos,Hacendado
Tortitas de maíz,Hacendado
Tranches de requin bleu,Hacendado
Turrón Yema Tostada,hacendado
Turrón blando,Hacendado
Turrón de fruta,Hacendado
Turrón de yema tostada,Hacendado
Té earl grey,Hacendado
Té verde,Hacendado
Valeriana,Hacendado
Vinagre de Jerez reserva,Hacendado
Zumo de clementina refrigerado,Hacendado
choco fundir hacendado,Hacendado
salsichas cocktail hacendado,
